FoodID,YieldID,YieldAmount,YieldDateofEntry,,,,
57,985,22,2004-08-12,,,,
57,1391,1,2004-08-12,,,,
66,985,33,2004-08-12,,,,
67,985,25,2004-08-12,,,,
112,985,133,2012-08-28,,,,
115,993,24,2004-08-12,,,,
126,940,69,2001-07-04,,,,
127,940,31,2001-07-04,,,,
134,985,24,2004-08-12,,,,
140,985,133,2012-08-28,,,,
153,985,133,2012-08-28,,,,
555,464,10,1997-05-01,,,,
556,682,102,2006-10-30,,,,
556,686,340,2003-10-28,,,,
556,1395,1027,2003-10-28,,,,
557,682,67,2006-10-30,,,,
557,686,234,2003-10-28,,,,
557,1395,707,2003-10-28,,,,
558,682,71,2006-10-31,,,,
558,686,226,2003-10-28,,,,
558,1395,683,2003-10-28,,,,
559,682,74,2006-11-01,,,,
559,686,248,2003-10-28,,,,
559,1395,750,2003-10-28,,,,
560,686,304,2003-10-28,,,,
561,682,102,2006-10-30,,,,
561,686,309,2003-10-02,,,,
561,1398,932,2003-10-02,,,,
562,682,67,2006-10-30,,,,
562,686,207,2003-10-02,,,,
563,682,71,2006-10-31,,,,
563,686,196,2003-10-02,,,,
563,1398,598,2003-10-02,,,,
564,682,74,2006-11-01,,,,
564,686,221,2003-10-02,,,,
565,686,217,2003-10-02,,,,
565,1398,658,2003-10-02,,,,
566,686,171,2003-10-02,,,,
566,1398,516,2003-10-02,,,,
566,1644,67,2006-11-01,,,,
567,682,78,2006-10-30,,,,
567,686,161,2003-10-02,,,,
567,1398,486,2003-10-02,,,,
568,682,78,2006-10-30,,,,
568,686,173,2003-10-02,,,,
568,1398,524,2003-10-02,,,,
569,686,126,2003-10-02,,,,
570,686,36,2003-10-02,,,,
571,464,1,1997-05-01,,,,
571,686,25,2003-10-02,,,,
572,686,14,2003-10-02,,,,
573,686,15,1997-05-01,,,,
574,686,12,1997-05-01,,,,
575,683,60,2006-11-01,,,,
576,686,2,1997-05-01,,,,
577,683,46,2006-11-01,,,,
578,686,11,1997-05-01,,,,
579,683,63,2006-11-01,,,,
580,686,128,1997-05-01,,,,
581,682,74,2006-10-31,,,,
581,686,125,1997-05-01,,,,
582,682,74,2006-10-31,,,,
582,686,86,1997-05-01,,,,
583,682,67,2006-10-31,,,,
583,686,87,1997-05-01,,,,
584,682,67,2006-11-01,,,,
584,686,99,1997-05-01,,,,
585,686,176,1997-05-01,,,,
586,682,74,2006-10-31,,,,
586,686,184,1997-05-01,,,,
587,682,67,2006-10-30,,,,
587,686,121,1997-05-01,,,,
588,682,71,2006-10-31,,,,
588,686,111,1997-05-01,,,,
589,682,78,2006-11-01,,,,
589,686,121,1997-05-01,,,,
590,686,97,1997-05-01,,,,
591,686,71,1997-05-01,,,,
591,1644,63,2006-11-01,,,,
592,682,78,2006-10-30,,,,
592,686,71,1997-05-01,,,,
593,682,78,2006-10-30,,,,
593,686,78,1997-05-01,,,,
594,686,120,1997-05-01,,,,
595,686,100,1997-05-01,,,,
595,1644,67,2006-11-01,,,,
596,682,78,2006-10-30,,,,
596,686,89,1997-05-01,,,,
597,682,78,2006-10-30,,,,
597,686,95,1997-05-01,,,,
598,686,79,1997-05-01,,,,
598,1642,67,2006-10-31,,,,
599,686,49,1997-05-01,,,,
599,1642,42,2006-10-31,,,,
600,686,39,1997-05-01,,,,
600,1643,39,2006-11-01,,,,
601,682,74,2006-10-31,,,,
601,686,93,1997-05-01,,,,
602,682,74,2006-10-31,,,,
602,686,65,1997-05-01,,,,
603,686,57,1997-05-01,,,,
603,1644,63,2006-11-01,,,,
604,686,47,1997-05-01,,,,
604,1642,63,2006-11-01,,,,
605,686,32,1997-05-01,,,,
605,1642,53,2006-11-01,,,,
606,686,28,1997-05-01,,,,
606,1642,49,2006-11-01,,,,
607,686,111,1997-05-01,,,,
608,686,105,1997-05-01,,,,
608,1642,67,2006-11-01,,,,
609,686,74,1997-05-01,,,,
609,1642,49,2006-11-01,,,,
610,686,76,1997-05-01,,,,
610,1642,49,2006-11-01,,,,
611,686,83,1997-05-01,,,,
611,1642,53,2006-11-01,,,,
612,686,86,1997-05-01,,,,
613,686,62,1997-05-01,,,,
613,1642,67,2006-11-01,,,,
614,686,63,1997-05-01,,,,
614,1643,71,2006-11-01,,,,
615,686,66,1997-05-01,,,,
615,1643,46,2006-11-02,,,,
616,686,17,1997-05-01,,,,
617,686,18,1997-05-01,,,,
617,1642,67,2006-10-31,,,,
618,686,12,1997-05-01,,,,
618,1642,46,2006-10-31,,,,
619,686,12,1997-05-01,,,,
619,1642,46,2006-11-01,,,,
620,686,7,1997-05-01,,,,
621,686,8,1997-05-01,,,,
621,1643,39,2006-11-01,,,,
622,686,6,1997-05-01,,,,
622,1643,39,2006-11-01,,,,
623,682,74,2006-10-31,,,,
623,686,57,1997-05-01,,,,
624,682,67,2006-10-30,,,,
624,686,42,1997-05-01,,,,
625,686,34,1997-05-01,,,,
625,1644,67,2006-11-01,,,,
626,686,32,1997-05-01,,,,
627,686,32,1997-05-01,,,,
627,1642,53,2006-10-30,,,,
628,686,21,1997-05-01,,,,
628,1642,35,2006-10-30,,,,
629,686,23,1997-05-01,,,,
629,1642,35,2006-10-30,,,,
630,686,26,1997-05-01,,,,
630,1642,42,2006-11-01,,,,
631,686,19,1997-05-01,,,,
632,686,13,1997-05-01,,,,
632,1643,28,2006-10-30,,,,
633,686,14,1997-05-01,,,,
633,1642,28,2006-10-30,,,,
634,686,15,1997-05-01,,,,
634,1642,28,2006-10-30,,,,
635,465,15,1997-05-01,,,,
635,682,75,2006-10-31,,,,
636,664,1072,1997-05-01,,,,
636,682,71,2006-10-31,,,,
636,686,259,1997-05-01,,,,
637,686,323,1997-05-01,,,,
638,682,71,2006-10-31,,,,
638,686,231,1997-05-01,,,,
639,686,230,1997-05-01,,,,
640,682,78,2006-10-30,,,,
640,686,188,1997-05-01,,,,
641,465,1,1997-05-01,,,,
641,686,28,1997-05-01,,,,
642,686,17,1997-05-01,,,,
643,686,106,1997-05-01,,,,
644,682,78,2006-10-30,,,,
644,686,86,1997-05-01,,,,
645,463,9,1997-05-01,,,,
646,666,593,1997-05-01,,,,
646,682,74,2006-11-01,,,,
646,686,223,1997-05-01,,,,
647,686,299,1997-05-01,,,,
648,682,74,2006-11-01,,,,
648,686,196,1997-05-01,,,,
649,686,214,1997-05-01,,,,
650,463,1,1997-05-01,,,,
650,686,31,1997-05-01,,,,
651,666,50,1997-05-01,,,,
652,686,98,1997-05-01,,,,
653,682,78,2006-10-30,,,,
653,686,71,1997-05-01,,,,
654,686,116,1997-05-01,,,,
655,682,78,2006-10-30,,,,
655,686,80,1997-05-01,,,,
657,682,71,2006-10-31,,,,
657,686,240,1997-05-01,,,,
658,686,327,1997-05-01,,,,
659,682,71,2006-10-31,,,,
659,686,216,1997-05-01,,,,
660,466,1,1997-05-01,,,,
660,686,20,1997-05-01,,,,
661,665,48,2004-02-02,,,,
662,686,316,1997-05-01,,,,
663,686,191,1997-05-01,,,,
663,1642,42,2006-10-30,,,,
664,686,151,1997-05-01,,,,
665,686,110,1997-05-01,,,,
665,1643,35,2006-10-30,,,,
666,686,11,1997-05-01,,,,
667,686,263,1997-05-01,,,,
668,686,80,1997-05-01,,,,
669,686,353,1997-05-01,,,,
670,686,207,1997-05-01,,,,
671,686,204,1997-05-01,,,,
672,686,158,1997-05-01,,,,
673,686,12,1997-05-01,,,,
674,686,396,1997-05-01,,,,
675,686,303,1997-05-01,,,,
676,686,409,1997-05-01,,,,
677,686,359,1997-05-01,,,,
678,686,186,1997-05-01,,,,
679,686,109,1997-05-01,,,,
680,686,446,1997-05-01,,,,
681,686,377,1997-05-01,,,,
682,686,229,1997-05-01,,,,
683,686,327,1997-05-01,,,,
684,686,277,1997-05-01,,,,
685,686,166,1997-05-01,,,,
688,686,314,2010-03-18,,,,
689,686,229,2010-03-22,,,,
689,502455,51,2010-03-22,,,,
690,686,283,2010-03-18,,,,
691,686,208,2010-03-23,,,,
691,1644,73,2010-03-23,,,,
691,502455,45,2010-03-23,,,,
692,686,30,2010-03-23,,,,
693,681,100,2011-05-10,,,,
693,686,19,2010-03-23,,,,
694,470,2,1997-05-01,,,,
694,686,18,1997-05-01,,,,
695,686,11,1998-07-23,,,,
696,686,8,1997-05-01,,,,
697,683,60,2006-11-01,,,,
699,683,46,2006-11-01,,,,
700,686,8,1997-05-01,,,,
701,683,74,2006-11-01,,,,
702,686,13,1997-05-01,,,,
703,686,11,1997-05-01,,,,
703,1642,49,2006-11-01,,,,
704,686,192,2010-03-18,,,,
705,686,142,2010-03-23,,,,
705,502455,54,2010-03-23,,,,
706,686,189,2010-03-19,,,,
707,686,87,2010-03-23,,,,
707,502455,45,2010-03-23,,,,
708,686,174,2010-03-18,,,,
709,686,129,2010-03-23,,,,
709,1644,74,2010-03-23,,,,
709,502455,48,2010-03-23,,,,
710,686,106,2010-03-19,,,,
711,686,79,2010-03-23,,,,
711,1644,72,2010-03-23,,,,
711,502455,40,2010-03-23,,,,
712,686,18,2010-03-19,,,,
713,686,14,2010-03-23,,,,
713,502455,29,2010-03-23,,,,
714,686,157,2010-03-19,,,,
715,686,117,2010-03-23,,,,
715,502455,57,2010-03-23,,,,
716,686,107,2010-03-19,,,,
717,686,73,2010-03-23,,,,
717,502455,49,2010-03-23,,,,
718,686,35,2010-03-19,,,,
719,686,25,2010-03-23,,,,
719,502455,37,2010-03-23,,,,
722,686,325,2010-03-05,,,,
723,686,233,2010-03-05,,,,
723,502455,50,2010-03-05,,,,
724,686,290,2010-03-05,,,,
725,686,212,2010-03-05,,,,
725,1644,74,2010-03-05,,,,
725,502455,46,2010-03-05,,,,
728,686,194,2010-03-05,,,,
729,686,144,2010-03-05,,,,
729,502455,54,2010-03-05,,,,
730,686,131,2010-03-05,,,,
731,686,89,2010-03-05,,,,
731,502455,43,2010-03-05,,,,
732,686,173,2010-03-05,,,,
733,686,131,2010-03-05,,,,
733,1644,76,2010-03-05,,,,
733,502455,54,2010-03-05,,,,
734,686,116,2010-03-05,,,,
735,686,81,2010-03-05,,,,
735,1644,71,2010-03-05,,,,
735,502455,40,2010-03-05,,,,
740,686,156,2010-03-05,,,,
741,686,118,2010-03-16,,,,
741,502455,58,2010-03-16,,,,
742,686,145,2010-02-16,,,,
743,686,110,2010-03-16,,,,
743,1644,76,2010-03-16,,,,
743,502455,54,2010-03-16,,,,
744,686,111,2010-03-05,,,,
745,686,74,2010-03-16,,,,
745,1642,50,2010-03-16,,,,
746,686,101,2010-03-05,,,,
747,686,68,2010-03-16,,,,
747,1644,68,2010-03-16,,,,
747,502455,43,2010-03-16,,,,
748,686,38,2010-03-05,,,,
749,686,26,2010-03-16,,,,
749,1642,35,2010-03-16,,,,
750,686,29,2010-03-05,,,,
751,686,21,2010-03-16,,,,
751,1644,73,2010-03-16,,,,
751,502455,28,2010-03-16,,,,
754,686,328,2010-03-04,,,,
755,686,225,2010-03-15,,,,
755,502455,49,2010-03-15,,,,
756,686,294,2010-02-03,,,,
757,686,207,2010-03-15,,,,
757,1643,71,2010-03-15,,,,
757,502455,44,2010-03-15,,,,
760,686,202,2010-03-04,,,,
761,686,138,2010-03-17,,,,
761,502455,51,2010-03-17,,,,
762,686,117,2010-03-04,,,,
763,686,87,2010-03-15,,,,
763,502455,46,2010-03-17,,,,
764,686,183,2010-02-03,,,,
765,686,128,2010-03-17,,,,
765,1643,70,2010-03-17,,,,
765,502455,47,2010-03-17,,,,
766,686,103,2010-02-03,,,,
767,686,80,2010-03-17,,,,
767,1643,72,2010-03-17,,,,
767,502455,40,2010-03-17,,,,
770,686,167,2010-03-04,,,,
771,686,115,2010-03-17,,,,
771,502455,54,2010-03-17,,,,
772,686,108,2010-03-04,,,,
773,686,74,2010-03-17,,,,
773,1642,50,2010-03-17,,,,
774,686,35,2010-03-04,,,,
775,686,23,2010-03-17,,,,
775,1642,36,2010-03-17,,,,
778,686,298,2010-03-16,,,,
779,686,234,2010-03-16,,,,
779,1642,55,2010-03-16,,,,
780,686,273,2010-03-16,,,,
781,682,74,2006-11-01,,,,
781,686,212,2010-03-16,,,,
781,1642,45,2010-03-16,,,,
781,1644,76,2010-03-16,,,,
784,686,2,2010-03-16,,,,
785,683,59,2010-03-16,,,,
785,686,147,2010-03-16,,,,
786,686,112,2010-03-16,,,,
787,683,48,2010-03-16,,,,
787,686,88,2010-03-16,,,,
788,686,170,2010-03-16,,,,
789,686,132,2010-03-16,,,,
789,922,48,2010-03-16,,,,
789,1644,78,2010-03-16,,,,
790,686,103,2010-03-16,,,,
791,686,80,2010-03-16,,,,
791,922,40,2010-03-16,,,,
791,1644,74,2010-03-16,,,,
794,686,153,2010-03-16,,,,
795,681,62,2010-03-15,,,,
795,686,121,2010-03-15,,,,
796,686,1,2010-03-16,,,,
797,683,50,2010-03-16,,,,
797,686,72,2010-03-16,,,,
798,686,33,2010-03-16,,,,
799,683,41,2010-03-16,,,,
799,686,25,2001-05-18,,,,
816,683,73,2008-02-19,,,,
817,686,270,2003-12-15,,,,
818,686,209,1998-08-04,,,,
818,1642,53,2006-11-01,,,,
819,686,220,1998-08-04,,,,
820,686,99,1998-08-04,,,,
820,1644,49,2006-11-01,,,,
821,686,151,1997-05-01,,,,
821,1644,74,2006-11-01,,,,
822,686,52,2003-12-15,,,,
823,686,37,2003-12-15,,,,
824,686,49,2003-12-15,,,,
832,686,65,2014-09-25,,,,
833,686,35,2014-09-25,,,,
833,1642,32,2006-11-01,,,,
834,686,40,2014-09-25,,,,
834,1642,35,2006-11-01,,,,
835,686,34,2014-09-26,,,,
836,686,26,2014-09-26,,,,
836,1643,25,2006-11-01,,,,
837,686,29,2014-09-26,,,,
837,1643,28,2006-11-01,,,,
838,686,96,2014-09-22,,,,
839,682,67,2006-10-31,,,,
839,686,64,2014-09-22,,,,
840,682,67,2006-11-01,,,,
840,686,73,2014-09-24,,,,
842,686,57,2014-09-22,,,,
842,1644,67,2006-11-01,,,,
843,686,63,2014-09-22,,,,
843,1644,74,2006-11-01,,,,
845,686,116,2014-09-23,,,,
845,1642,46,2006-11-01,,,,
846,686,37,2014-09-23,,,,
846,1642,53,2006-11-01,,,,
848,1643,46,2006-11-01,,,,
849,686,33,1997-05-01,,,,
849,1643,49,2006-11-01,,,,
851,682,71,2006-10-31,,,,
852,682,78,2006-11-01,,,,
852,686,45,2014-09-24,,,,
854,1644,67,2006-11-01,,,,
855,686,36,2014-09-24,,,,
855,1644,74,2006-11-01,,,,
923,985,133,2004-08-12,,,,
924,985,138,2015-03-17,,,,
928,985,133,2004-08-11,,,,
929,985,130,2014-12-01,,,,
930,985,133,2015-03-20,,,,
931,985,134,2014-12-01,,,,
933,985,136,2015-03-20,,,,
934,985,133,2004-08-12,,,,
936,985,134,2015-03-20,,,,
938,985,136,2014-12-02,,,,
940,985,130,2004-08-12,,,,
944,985,132,2014-12-01,,,,
947,985,130,2004-08-12,,,,
948,985,133,2004-08-12,,,,
949,985,133,2004-08-12,,,,
950,985,130,2004-08-12,,,,
951,985,133,2004-08-12,,,,
953,985,133,2004-08-12,,,,
954,985,130,2004-08-12,,,,
957,985,136,2004-08-12,,,,
964,985,136,2014-12-02,,,,
965,455,6,2004-08-12,,,,
965,985,15,2004-08-12,,,,
966,455,12,2004-08-11,,,,
966,985,30,2004-08-11,,,,
967,985,8,2004-08-12,,,,
968,455,2,2004-08-11,,,,
968,985,5,2004-08-11,,,,
969,455,6,2004-08-12,,,,
969,985,15,2004-08-12,,,,
970,455,8,2004-08-12,,,,
970,985,20,2004-08-12,,,,
971,455,7,2004-08-12,,,,
971,985,18,2004-08-12,,,,
972,455,3,2004-08-12,,,,
972,985,8,2004-08-12,,,,
973,455,3,2004-08-12,,,,
973,985,7,2004-08-12,,,,
974,455,10,2004-08-12,,,,
974,985,25,2004-08-12,,,,
975,455,7,2004-08-12,,,,
975,985,17,2004-08-12,,,,
976,455,6,2004-08-12,,,,
976,985,15,2004-08-12,,,,
979,455,5,2004-08-12,,,,
979,985,14,2004-08-12,,,,
980,455,7,2004-08-12,,,,
980,985,18,2004-08-12,,,,
981,455,7,2004-08-11,,,,
981,985,18,2004-08-11,,,,
982,985,17,2004-08-12,,,,
983,455,7,2004-08-12,,,,
983,985,18,2004-08-12,,,,
984,985,36,2004-08-11,,,,
985,455,10,2004-08-12,,,,
985,985,24,2004-08-12,,,,
986,455,8,2004-08-11,,,,
986,985,20,2004-08-11,,,,
987,455,7,2004-08-12,,,,
987,985,18,2004-08-12,,,,
988,455,10,2004-08-12,,,,
988,985,25,2004-08-12,,,,
994,455,24,2004-08-12,,,,
994,921,29,2004-08-12,,,,
994,985,59,2004-08-12,,,,
1000,455,4,2004-08-12,,,,
1000,1390,2,2004-08-12,,,,
1002,455,9,2004-08-12,,,,
1002,1390,6,2004-08-12,,,,
1004,455,10,2004-08-12,,,,
1004,1390,6,2004-08-12,,,,
1006,455,9,2008-03-10,,,,
1006,1390,5,2004-08-12,,,,
1007,455,10,2004-08-12,,,,
1007,1390,6,2004-08-12,,,,
1008,455,9,2004-08-12,,,,
1008,1390,5,2004-08-12,,,,
1010,455,10,2004-08-12,,,,
1010,1390,6,2004-08-12,,,,
1011,455,10,2004-08-12,,,,
1011,1390,6,2004-08-12,,,,
1012,985,16,2004-08-12,,,,
1116,985,139,2004-08-12,,,,
1118,985,142,2004-08-12,,,,
1119,985,133,2004-08-12,,,,
1120,455,4,2004-08-12,,,,
1120,985,10,2004-08-12,,,,
1121,985,139,2014-12-02,,,,
1175,681,84,2014-11-03,,,,
1182,683,1,2014-11-03,,,,
1199,683,86,2014-07-22,,,,
1224,1582,44,2004-08-12,,,,
1228,1582,40,2004-08-11,,,,
1397,1582,44,2004-08-12,,,,
1399,1582,44,2004-08-12,,,,
1401,1582,47,2004-08-12,,,,
1403,1582,45,2004-08-12,,,,
1413,1582,28,2009-05-22,,,,
1415,1582,33,2009-05-22,,,,
1419,1582,42,2009-05-22,,,,
1421,1582,43,2009-05-22,,,,
1423,1582,43,2009-05-22,,,,
1431,1582,23,2004-08-12,,,,
1435,1582,33,2009-05-22,,,,
1437,1582,30,2009-05-22,,,,
1439,1582,30,2009-05-22,,,,
1443,1582,25,2004-08-12,,,,
1462,1582,27,2004-08-12,,,,
1464,1582,30,2009-05-22,,,,
1466,1582,35,2007-09-28,,,,
1470,1582,35,2007-09-28,,,,
1496,921,37,2004-08-12,,,,
1496,985,74,2004-08-12,,,,
1571,921,36,2004-08-12,,,,
1571,985,73,2004-08-12,,,,
1572,460,196,1997-05-01,,,,
1589,1044,47,2003-04-29,,,,
1589,1045,6,2003-04-29,,,,
1594,1044,38,2003-04-29,,,,
1594,1045,5,2003-04-29,,,,
1619,461,86,2013-12-20,,,,
1658,921,38,2004-08-12,,,,
1658,985,76,2004-08-12,,,,
1691,1045,128,2015-07-20,,,,
1719,921,38,2004-08-12,,,,
1719,985,76,2004-08-12,,,,
1724,921,38,2004-08-12,,,,
1724,985,75,2004-08-12,,,,
1753,921,37,2004-08-12,,,,
1753,985,74,2004-08-12,,,,
1762,683,67,2003-12-16,,,,
1764,683,46,1997-05-01,,,,
1766,683,56,1997-05-01,,,,
1768,683,50,1997-05-01,,,,
1770,683,53,1997-05-01,,,,
1772,683,44,1997-05-01,,,,
1774,683,58,1997-05-01,,,,
1775,683,56,1997-05-01,,,,
1776,683,59,1997-05-01,,,,
1778,683,53,1997-05-01,,,,
1779,683,52,1997-05-01,,,,
1780,683,54,1997-05-01,,,,
1782,683,55,1997-05-01,,,,
1783,683,54,1997-05-01,,,,
1784,683,56,1997-05-01,,,,
1786,683,49,1997-05-01,,,,
1787,683,49,1997-05-01,,,,
1788,683,51,1997-05-01,,,,
1790,683,50,1997-05-01,,,,
1791,683,49,1997-05-01,,,,
1792,683,49,1997-05-01,,,,
1794,683,44,1997-05-01,,,,
1795,683,44,1997-05-01,,,,
1796,683,45,1997-05-01,,,,
1798,683,53,1997-05-01,,,,
1799,683,50,1997-05-01,,,,
1800,683,51,1997-05-01,,,,
1802,683,48,1997-05-01,,,,
1803,683,44,1997-05-01,,,,
1804,683,46,1997-05-01,,,,
1808,683,67,1997-05-01,,,,
1812,683,62,1997-05-01,,,,
1814,683,56,1997-05-01,,,,
1816,683,47,1997-05-01,,,,
1818,683,56,1997-05-01,,,,
1819,683,54,1997-05-01,,,,
1821,683,44,1997-05-01,,,,
1822,683,42,1997-05-01,,,,
1823,683,76,1997-05-01,,,,
1824,683,47,1997-05-01,,,,
1825,683,56,1997-05-01,,,,
1826,683,58,2003-05-16,,,,
1827,683,66,1997-05-01,,,,
1828,683,41,1997-05-01,,,,
1829,683,49,1997-05-01,,,,
1830,683,52,1997-05-01,,,,
1833,683,84,1997-05-01,,,,
1835,683,38,1997-05-01,,,,
1837,683,93,1997-05-01,,,,
1842,683,57,1997-05-01,,,,
1845,683,78,1997-05-01,,,,
1847,683,66,1997-05-01,,,,
1850,683,54,1997-05-01,,,,
1852,683,66,1997-05-01,,,,
1855,683,51,1997-05-01,,,,
1861,681,85,1997-05-01,,,,
1865,681,83,1997-05-01,,,,
1869,675,60,1997-05-01,,,,
1869,683,91,1997-05-01,,,,
1876,681,63,1997-05-01,,,,
1877,681,56,1997-05-01,,,,
1878,681,41,1997-05-01,,,,
1881,683,61,1997-05-01,,,,
1882,683,46,1997-05-01,,,,
1883,683,42,1997-05-01,,,,
1884,683,52,1997-05-01,,,,
1885,683,48,1997-05-01,,,,
1888,681,86,1997-05-01,,,,
1894,683,40,2006-08-29,,,,
1896,683,72,1997-05-01,,,,
1897,683,71,1997-05-01,,,,
1898,683,66,1997-05-01,,,,
1899,683,70,1997-05-01,,,,
1901,683,64,1997-05-01,,,,
1902,683,63,1997-05-01,,,,
1903,683,58,1997-05-01,,,,
1904,683,62,1997-05-01,,,,
1906,683,52,1997-05-01,,,,
1907,683,53,1997-05-01,,,,
1909,683,44,1997-05-01,,,,
1910,683,43,1997-05-01,,,,
1912,683,73,1997-05-01,,,,
1913,683,65,1997-05-01,,,,
1914,683,69,1997-05-01,,,,
1916,683,71,1997-05-01,,,,
1917,683,63,1997-05-01,,,,
1918,683,68,1997-05-01,,,,
1932,683,77,2006-07-21,,,,
1934,683,47,2006-08-29,,,,
1938,683,89,1997-05-01,,,,
1941,681,93,1997-05-01,,,,
1944,683,79,2006-07-21,,,,
1961,683,67,1997-05-01,,,,
1962,683,65,1997-05-01,,,,
1964,683,72,2006-06-28,,,,
1966,683,69,2006-06-28,,,,
1968,683,78,2006-06-29,,,,
1970,683,69,2006-06-30,,,,
1971,683,69,1997-05-01,,,,
1972,683,87,2006-08-28,,,,
1974,683,69,2006-08-28,,,,
2068,458,1,2003-06-03,,,,
2071,458,1,2003-06-03,,,,
2173,921,12,2004-08-12,,,,
2173,1584,13,2010-08-16,,,,
2175,921,19,2004-08-12,,,,
2175,1584,20,2010-08-16,,,,
2177,921,28,2004-08-12,,,,
2177,1584,30,2010-08-16,,,,
2393,458,1,2003-07-08,,,,
2426,921,24,2004-08-13,,,,
2426,1584,24,2004-08-13,,,,
2428,921,28,2004-08-13,,,,
2428,1584,28,2004-08-13,,,,
2429,645,822,1997-05-01,,,,
2429,921,25,2010-08-16,,,,
2566,457,2,1997-05-01,,,,
2590,1327,30,2003-08-07,,,,
2651,683,78,1997-05-01,,,,
2652,683,87,1997-05-01,,,,
2654,683,57,1997-05-01,,,,
2655,683,43,1997-05-01,,,,
2656,683,74,1997-05-01,,,,
2657,683,65,1997-05-01,,,,
2659,683,67,1997-05-01,,,,
2662,683,49,1997-05-01,,,,
2664,683,68,1997-05-01,,,,
2667,683,84,1997-05-01,,,,
2669,683,57,1997-05-01,,,,
2685,683,59,1997-05-01,,,,
2687,683,65,2001-03-19,,,,
2689,683,65,1997-05-01,,,,
2692,683,58,1997-05-01,,,,
2694,683,65,2001-03-19,,,,
2696,683,61,2001-03-01,,,,
2698,683,56,1997-05-01,,,,
2700,683,60,2001-03-19,,,,
2702,683,56,2001-03-19,,,,
2704,683,69,1997-05-01,,,,
2712,683,69,1997-05-01,,,,
2713,683,58,1997-05-01,,,,
2790,681,70,1997-05-01,,,,
2828,683,71,2002-09-19,,,,
2841,1588,17,2004-08-17,,,,
2866,1591,28,2004-08-17,,,,
2869,1591,25,2004-08-17,,,,
2874,1591,2,2004-08-17,,,,
2876,1591,2,2004-08-17,,,,
2878,1591,2,2004-08-17,,,,
2880,1591,13,2008-06-24,,,,
2881,1591,13,2008-06-24,,,,
2882,1591,13,2008-06-24,,,,
2883,1591,3,2004-08-18,,,,
2888,921,37,2004-08-12,,,,
2888,985,74,2004-08-18,,,,
2892,921,39,2004-08-12,,,,
2892,985,77,2004-08-18,,,,
2894,985,77,2004-08-18,,,,
2896,985,22,2011-05-05,,,,
2898,985,22,2004-08-18,,,,
2900,985,22,2011-05-05,,,,
2902,985,22,2004-08-18,,,,
2907,985,34,2004-08-18,,,,
2910,1591,1,2004-08-18,,,,
2912,1591,1,2004-08-18,,,,
2914,1591,17,2004-08-18,,,,
2921,921,37,2004-08-12,,,,
2921,985,74,2004-08-18,,,,
2939,921,38,2004-08-12,,,,
2939,985,77,2004-08-18,,,,
2953,1591,14,2004-08-18,,,,
2957,985,26,2004-08-18,,,,
2962,985,2,2004-08-18,,,,
2964,985,31,2004-08-18,,,,
2973,921,37,2004-08-12,,,,
2973,985,75,2004-08-18,,,,
2975,921,38,2004-08-12,,,,
2975,985,77,2004-08-18,,,,
2980,985,26,2004-08-18,,,,
2982,985,29,2004-08-18,,,,
2992,684,78,1997-05-01,,,,
2994,684,55,2002-08-06,,,,
3001,684,91,2002-08-06,,,,
3005,684,78,1997-05-01,,,,
3007,684,78,1997-05-01,,,,
3010,684,78,1997-05-01,,,,
3012,684,78,1997-05-01,,,,
3015,684,77,1997-05-01,,,,
3022,684,79,1997-05-01,,,,
3027,684,78,1997-05-01,,,,
3030,684,78,1997-05-01,,,,
3032,684,78,1997-05-01,,,,
3035,684,77,1997-05-01,,,,
3037,684,78,1997-05-01,,,,
3040,684,78,1997-05-01,,,,
3042,684,79,1997-05-01,,,,
3044,684,78,1997-05-01,,,,
3053,684,78,1997-05-01,,,,
3057,684,78,1997-05-01,,,,
3063,684,78,1997-05-01,,,,
3067,684,78,1997-05-01,,,,
3076,683,78,1997-05-01,,,,
3078,684,78,1997-05-01,,,,
3090,684,78,1997-05-01,,,,
3094,671,134,2004-01-12,,,,
3103,642,3,1997-05-01,,,,
3109,502522,68,2014-02-10,,,,
3120,683,48,1997-05-01,,,,
3134,684,78,1997-05-01,,,,
3135,684,78,1997-05-01,,,,
3136,684,78,1997-05-01,,,,
3137,684,78,1997-05-01,,,,
3138,684,78,1997-05-01,,,,
3139,684,93,1997-05-01,,,,
3140,684,78,1997-05-01,,,,
3141,684,78,1997-05-01,,,,
3142,684,78,1997-05-01,,,,
3143,684,78,1997-05-01,,,,
3144,684,78,1997-05-01,,,,
3145,684,78,1997-05-01,,,,
3146,684,78,1997-05-01,,,,
3147,684,78,1997-05-01,,,,
3148,684,78,1997-05-01,,,,
3151,684,78,1997-05-01,,,,
3152,684,78,1997-05-01,,,,
3153,684,78,1997-05-01,,,,
3155,684,78,1997-05-01,,,,
3156,684,78,1997-05-01,,,,
3157,684,78,1997-05-01,,,,
3158,684,78,1997-05-01,,,,
3159,684,78,1997-05-01,,,,
3160,684,78,1997-05-01,,,,
3161,684,78,1997-05-01,,,,
3162,684,78,1997-05-01,,,,
3163,684,78,1997-05-01,,,,
3164,684,78,1997-05-01,,,,
3165,684,77,1997-05-01,,,,
3166,684,113,2002-08-06,,,,
3168,684,78,1997-05-01,,,,
3169,684,78,1997-05-01,,,,
3170,684,78,1997-05-01,,,,
3171,684,78,2002-08-06,,,,
3172,670,131,1997-05-01,,,,
3179,684,90,1997-05-01,,,,
3181,684,90,1997-05-01,,,,
3183,684,90,1997-05-01,,,,
3185,684,90,1997-05-01,,,,
3187,684,78,1997-05-01,,,,
3193,684,90,1997-05-01,,,,
3195,684,78,1997-05-01,,,,
3199,684,78,1997-05-01,,,,
3206,684,90,1997-05-01,,,,
3215,684,78,1997-05-01,,,,
3220,684,78,1997-05-01,,,,
3227,684,79,1997-05-01,,,,
3228,684,79,1997-05-01,,,,
3243,921,42,2004-08-12,,,,
3243,1591,40,2007-12-04,,,,
3252,921,34,2004-08-12,,,,
3252,1591,40,2007-12-04,,,,
3255,921,32,2004-08-12,,,,
3255,1591,40,2007-12-04,,,,
3257,921,32,2004-08-12,,,,
3257,1591,40,2007-12-04,,,,
3259,921,32,2004-08-12,,,,
3259,1591,40,2007-12-04,,,,
3267,921,33,2004-08-12,,,,
3267,1591,40,2007-12-04,,,,
3269,921,31,2004-08-12,,,,
3269,1591,40,2007-12-04,,,,
3272,921,31,2004-08-12,,,,
3272,1591,40,2007-12-04,,,,
3274,921,32,2004-08-12,,,,
3274,1591,40,2007-12-04,,,,
3280,921,20,2004-08-12,,,,
3280,1591,40,2007-12-04,,,,
3282,921,20,2004-08-12,,,,
3282,1591,40,2007-12-04,,,,
3286,921,35,2004-08-12,,,,
3286,1591,40,2007-12-04,,,,
3288,921,38,2004-08-12,,,,
3288,1591,40,2007-12-04,,,,
3291,921,32,2004-08-12,,,,
3291,1591,40,2007-12-04,,,,
3293,921,30,2004-08-12,,,,
3293,1591,40,2007-12-04,,,,
3295,921,32,2004-08-12,,,,
3295,1591,40,2007-12-04,,,,
3297,921,40,2004-08-12,,,,
3297,1591,40,2007-12-04,,,,
3300,921,37,2004-08-12,,,,
3300,1591,40,2007-12-04,,,,
3303,1327,54,2010-04-28,,,,
3305,1327,54,2010-04-28,,,,
3307,1327,54,2010-04-28,,,,
3312,921,31,2004-08-12,,,,
3312,1591,40,2007-12-04,,,,
3334,921,31,2004-08-12,,,,
3334,1591,40,2007-12-04,,,,
3336,921,31,2004-08-12,,,,
3336,1591,40,2007-12-04,,,,
3376,921,31,2004-08-12,,,,
3376,1591,40,2007-12-04,,,,
3380,921,32,2004-08-12,,,,
3380,1591,40,2007-12-04,,,,
3381,921,32,2004-08-12,,,,
3381,1591,40,2007-12-04,,,,
3383,921,33,2004-08-12,,,,
3383,1591,40,2007-12-04,,,,
3385,921,33,2004-08-12,,,,
3385,1591,40,2007-12-04,,,,
3387,921,31,2004-08-12,,,,
3387,1591,40,2007-12-04,,,,
3389,921,29,2004-08-12,,,,
3389,1591,40,2007-12-04,,,,
3392,921,37,2010-02-12,,,,
3392,1591,52,2010-02-12,,,,
3394,921,35,2004-08-12,,,,
3394,1591,40,2007-12-04,,,,
3396,1327,54,2010-04-28,,,,
3400,921,29,2004-08-12,,,,
3400,1591,40,2007-12-04,,,,
3423,683,41,1997-05-01,,,,
3425,683,63,1997-05-01,,,,
3429,683,28,1997-05-01,,,,
3433,683,48,1997-05-01,,,,
3445,683,54,1997-05-01,,,,
3446,683,38,1997-05-01,,,,
3452,683,32,1997-05-01,,,,
3460,683,45,1997-05-01,,,,
3479,683,60,1997-05-01,,,,
3480,683,72,1997-05-01,,,,
3482,683,49,1997-05-01,,,,
3484,683,36,1997-05-01,,,,
3486,683,63,1997-05-01,,,,
3488,683,37,1997-05-01,,,,
3490,683,30,1997-05-01,,,,
3492,683,57,1997-05-01,,,,
3494,683,48,1997-05-01,,,,
3495,683,76,1997-05-01,,,,
3496,683,51,1997-05-01,,,,
3497,683,49,1997-05-01,,,,
3498,683,35,1997-05-01,,,,
3500,683,53,1997-05-01,,,,
3502,683,34,1997-05-01,,,,
3504,683,45,1997-05-01,,,,
3506,683,35,2003-10-17,,,,
3508,683,46,1997-05-01,,,,
3510,683,42,1997-05-01,,,,
3512,683,64,1997-05-01,,,,
3514,683,60,1997-05-01,,,,
3515,683,65,1997-05-01,,,,
3516,683,67,1997-05-01,,,,
3517,683,79,1997-05-01,,,,
3519,683,59,1997-05-01,,,,
3520,683,65,1997-05-01,,,,
3521,683,54,1997-05-01,,,,
3522,683,77,1997-05-01,,,,
3523,683,64,1997-05-01,,,,
3524,683,41,1997-05-01,,,,
3525,683,50,1997-05-01,,,,
3526,683,58,2003-10-21,,,,
3527,683,35,2003-10-21,,,,
3528,683,46,1997-05-01,,,,
3530,683,39,1997-05-01,,,,
3531,683,53,1997-05-01,,,,
3533,683,36,1997-05-01,,,,
3534,683,47,1997-05-01,,,,
3536,683,42,1997-05-01,,,,
3537,683,58,2001-06-28,,,,
3539,683,40,1997-05-01,,,,
3540,683,55,2001-06-28,,,,
3541,683,79,1997-05-01,,,,
3542,683,45,1997-05-01,,,,
3543,683,62,1997-05-01,,,,
3544,683,75,1997-05-01,,,,
3545,683,42,1997-05-01,,,,
3546,683,60,1997-05-01,,,,
3548,683,41,1997-05-01,,,,
3549,683,54,1997-05-01,,,,
3551,683,38,1997-05-01,,,,
3552,683,52,1997-05-01,,,,
3554,683,45,1997-05-01,,,,
3555,683,59,1997-05-01,,,,
3557,683,40,1997-05-01,,,,
3558,683,55,1997-05-01,,,,
3560,683,58,1997-05-01,,,,
3562,683,66,1997-05-01,,,,
3564,682,75,1997-05-01,,,,
3566,682,61,1997-05-01,,,,
3568,682,69,1997-05-01,,,,
3570,682,75,1997-05-01,,,,
3572,682,75,1997-05-01,,,,
3574,682,75,1997-05-01,,,,
3576,682,75,1997-05-01,,,,
3578,682,75,1997-05-01,,,,
3580,682,75,1997-05-01,,,,
3582,682,75,1997-05-01,,,,
3584,682,75,1997-05-01,,,,
3586,682,75,1997-05-01,,,,
3588,682,75,1997-05-01,,,,
3590,682,69,1997-05-01,,,,
3591,682,88,2003-10-20,,,,
3593,682,69,1997-05-01,,,,
3594,682,66,1997-05-01,,,,
3596,682,66,1997-05-01,,,,
3597,682,88,1997-05-01,,,,
3599,682,69,1997-05-01,,,,
3601,683,76,1997-05-01,,,,
3602,683,53,1997-05-01,,,,
3604,683,75,1997-05-01,,,,
3605,683,73,1997-05-01,,,,
3607,683,42,1997-05-01,,,,
3609,683,44,1997-05-01,,,,
3611,683,56,1997-05-01,,,,
3613,683,41,1997-05-01,,,,
3615,683,74,1997-05-01,,,,
3616,683,71,1997-05-01,,,,
3618,683,69,2003-10-20,,,,
3619,683,68,2003-10-20,,,,
3621,683,84,1997-05-01,,,,
3623,683,66,1997-05-01,,,,
3626,683,51,1997-05-01,,,,
3628,683,53,1997-05-01,,,,
3630,683,65,1997-05-01,,,,
3632,683,76,1997-05-01,,,,
3636,683,56,1997-05-01,,,,
3638,683,56,1997-05-01,,,,
3640,683,69,1997-05-01,,,,
3650,683,59,1997-05-01,,,,
3651,683,58,2001-06-28,,,,
3653,683,41,1997-05-01,,,,
3655,683,36,1997-05-01,,,,
3657,683,54,2001-06-28,,,,
3659,683,42,2015-06-05,,,,
3661,683,62,2001-06-11,,,,
3663,683,60,2001-06-28,,,,
3665,683,45,1997-05-01,,,,
3667,683,42,1997-05-01,,,,
3679,1365,28,2004-08-12,,,,
3679,1502,31,2004-08-12,,,,
3681,1371,24,2004-08-12,,,,
3681,1372,48,2005-05-18,,,,
3683,1371,30,2004-08-12,,,,
3683,1372,60,2004-08-12,,,,
3683,1502,55,2004-08-12,,,,
3686,1365,44,2004-08-12,,,,
3686,1502,59,2004-08-12,,,,
3691,1502,23,2004-08-12,,,,
3691,1506,12,2004-08-12,,,,
3742,921,52,2004-08-12,,,,
3742,1504,49,2004-08-12,,,,
3745,1502,38,2004-08-12,,,,
3745,1513,38,2006-01-12,,,,
3750,1512,49,2004-08-12,,,,
3750,1513,43,2004-08-12,,,,
3755,1512,44,2004-08-12,,,,
3755,1513,43,2004-08-12,,,,
3757,1512,53,2004-08-12,,,,
3757,1513,43,2004-08-12,,,,
3764,1502,27,2004-08-12,,,,
3764,1516,27,2004-08-12,,,,
3769,1512,43,2004-08-12,,,,
3769,1513,43,2004-08-12,,,,
3771,1512,54,2004-08-12,,,,
3771,1514,45,2004-08-12,,,,
3774,1512,47,2004-08-12,,,,
3774,1513,43,2004-08-12,,,,
3788,1512,49,2004-08-12,,,,
3788,1513,43,2004-08-12,,,,
3790,1512,55,2004-08-12,,,,
3790,1513,43,2004-08-12,,,,
3795,1512,57,2004-08-12,,,,
3795,1513,52,2004-08-12,,,,
3797,1512,55,2004-08-12,,,,
3797,1513,43,2004-08-12,,,,
3805,1519,27,2004-08-12,,,,
3805,1520,31,2004-08-12,,,,
3814,1523,25,2004-08-12,,,,
3814,1524,18,2004-08-12,,,,
3816,1523,32,2004-08-12,,,,
3816,1524,53,2004-08-12,,,,
3833,1523,27,2004-08-12,,,,
3833,1524,20,2004-08-12,,,,
3835,1523,32,2004-08-12,,,,
3835,1524,40,2004-08-12,,,,
3840,1523,32,2004-08-12,,,,
3840,1524,40,2004-08-12,,,,
3850,1523,32,2004-08-12,,,,
3850,1524,40,2004-08-12,,,,
3917,1548,15,2004-08-12,,,,
3917,1549,55,2004-08-12,,,,
3926,1548,19,2004-08-12,,,,
3926,1549,37,2004-08-12,,,,
3931,1365,19,2004-08-12,,,,
3931,1551,19,2004-08-12,,,,
3933,1365,19,2004-08-12,,,,
3933,1551,19,2004-08-12,,,,
3937,1365,20,2004-08-12,,,,
3937,1551,25,2004-08-12,,,,
3939,1365,17,2004-08-12,,,,
3939,1551,17,2004-08-12,,,,
3968,1553,15,2004-08-12,,,,
3975,1554,13,2004-08-12,,,,
4070,921,52,2004-08-12,,,,
4070,1504,49,2004-08-12,,,,
4187,654,147,2003-11-25,,,,
4189,654,147,2003-11-25,,,,
4227,921,22,2007-05-21,,,,
4228,650,133,1997-05-01,,,,
4229,921,22,2007-05-21,,,,
4230,649,135,1997-05-01,,,,
4232,921,3,2007-05-21,,,,
4233,646,117,2003-11-25,,,,
4238,921,26,2007-05-21,,,,
4241,921,22,2007-05-21,,,,
4242,921,26,2007-05-21,,,,
4243,653,142,2003-11-25,,,,
4244,653,142,2003-11-25,,,,
4245,654,147,1997-05-01,,,,
4249,656,144,1997-05-01,,,,
4252,652,141,2003-11-25,,,,
4257,654,147,2003-11-25,,,,
4258,651,133,2003-11-25,,,,
4259,921,23,2007-05-21,,,,
4260,651,140,2003-11-25,,,,
4261,656,144,2003-11-25,,,,
4262,652,141,2003-11-25,,,,
4264,654,142,2003-11-25,,,,
4265,651,140,2003-11-25,,,,
4266,659,544,2003-11-25,,,,
4267,644,133,2003-11-25,,,,
4272,651,140,2003-11-25,,,,
4273,921,15,2007-05-21,,,,
4274,659,544,2004-02-02,,,,
4275,921,11,2007-05-21,,,,
4276,644,133,2003-11-25,,,,
4279,650,133,2003-11-25,,,,
4280,650,133,2003-11-25,,,,
4305,921,26,2007-05-21,,,,
4306,654,147,2003-11-25,,,,
4307,921,23,2007-05-21,,,,
4308,651,140,2003-11-25,,,,
4309,921,26,2007-05-21,,,,
4310,654,147,2003-11-25,,,,
4311,921,0,2001-04-25,,,,
4312,651,140,2003-11-25,,,,
4313,921,26,2007-05-21,,,,
4314,654,147,2003-11-25,,,,
4411,680,1,2004-03-11,,,,
4411,921,24,2004-08-12,,,,
4412,921,36,2004-08-12,,,,
4413,680,201,1997-05-01,,,,
4414,921,24,2004-08-12,,,,
4420,921,34,2004-08-12,,,,
4422,921,31,2004-08-12,,,,
4424,921,26,2004-08-12,,,,
4426,921,32,2004-08-12,,,,
4449,921,33,2004-08-12,,,,
4452,921,30,2004-08-12,,,,
4456,921,27,2004-08-12,,,,
4460,921,23,2004-08-12,,,,
4462,921,43,2004-08-12,,,,
4467,921,25,2004-08-12,,,,
4471,921,35,2004-08-12,,,,
4472,921,26,2004-08-12,,,,
4474,921,35,2004-08-12,,,,
4476,921,35,2004-08-12,,,,
4481,921,25,2004-08-12,,,,
4486,680,295,1997-05-01,,,,
4489,680,290,1997-05-01,,,,
4490,680,223,2003-08-22,,,,
4491,921,46,2004-08-12,,,,
4492,680,213,1997-05-01,,,,
4493,921,20,2004-08-12,,,,
4496,921,31,2004-08-12,,,,
4502,921,40,2004-08-12,,,,
4504,921,40,2004-08-12,,,,
4506,1342,27,2004-08-12,,,,
4508,921,27,2009-01-21,,,,
4510,921,32,2004-08-12,,,,
4512,921,20,2009-06-25,,,,
4513,921,39,2004-08-12,,,,
4515,921,26,2004-08-12,,,,
4516,921,26,2004-08-12,,,,
4518,921,26,2004-08-12,,,,
4521,921,39,2004-08-12,,,,
4522,921,26,2004-08-12,,,,
4524,1342,27,2004-08-12,,,,
4526,921,26,2004-08-12,,,,
4733,1390,12,2004-08-12,,,,
4746,683,73,2001-08-15,,,,
4758,683,72,2001-08-15,,,,
4776,1591,28,2004-08-18,,,,
4777,1591,25,2004-08-18,,,,
4778,1591,25,2004-08-18,,,,
4782,683,55,2000-12-13,,,,
4784,683,33,2000-12-13,,,,
4786,683,57,2000-12-13,,,,
4791,683,77,2000-12-13,,,,
4792,683,52,2000-12-13,,,,
4795,683,49,2003-10-20,,,,
4800,683,58,2003-10-20,,,,
4810,683,53,2003-10-20,,,,
4812,683,37,2003-10-20,,,,
4814,683,56,2003-10-20,,,,
4815,683,74,2003-10-20,,,,
4816,683,49,2003-10-20,,,,
4818,683,51,2003-10-20,,,,
4820,683,51,2003-10-20,,,,
4823,1512,55,2004-08-12,,,,
4823,1513,43,2004-08-12,,,,
4839,686,62,2000-12-20,,,,
4839,1642,43,2006-11-01,,,,
4840,686,49,2000-12-20,,,,
4840,1643,35,2006-11-01,,,,
4841,686,39,2003-12-16,,,,
4841,1643,35,2006-11-01,,,,
4869,921,37,2010-02-12,,,,
4869,1591,52,2010-02-12,,,,
4875,686,47,2000-12-20,,,,
4875,1642,42,2006-11-01,,,,
4903,921,21,2011-05-05,,,,
4903,985,42,2004-08-12,,,,
4904,921,19,2011-05-05,,,,
4904,985,39,2004-08-12,,,,
4905,921,11,2004-08-12,,,,
4983,1591,7,2004-08-18,,,,
4988,682,78,2006-04-13,,,,
4989,682,78,2006-04-13,,,,
4991,1548,15,2004-08-12,,,,
4991,1549,33,2004-08-12,,,,
4993,682,78,2006-04-13,,,,
4995,683,65,2001-02-28,,,,
4997,683,67,2001-03-07,,,,
4998,683,68,2001-03-07,,,,
5009,683,67,2001-03-19,,,,
5010,683,59,2001-03-19,,,,
5011,683,62,2001-03-20,,,,
5081,1582,46,2009-05-22,,,,
5082,1582,38,2009-05-22,,,,
5084,1582,38,2009-05-22,,,,
5088,1582,38,2009-05-22,,,,
5143,1582,40,2007-09-28,,,,
5173,686,144,2010-03-16,,,,
5175,686,36,2010-03-16,,,,
5176,686,60,2010-03-16,,,,
5178,686,96,2010-03-16,,,,
5179,686,27,2010-03-16,,,,
5180,686,113,2010-03-15,,,,
5180,922,52,2010-03-15,,,,
5180,1644,79,2010-03-15,,,,
5181,686,24,2010-03-16,,,,
5181,922,36,2010-03-16,,,,
5181,1644,66,2010-03-16,,,,
5182,686,42,2010-03-16,,,,
5182,922,48,2010-03-16,,,,
5182,1644,71,2010-03-16,,,,
5184,686,66,2010-03-16,,,,
5184,922,44,2010-03-16,,,,
5184,1644,69,2010-03-16,,,,
5185,686,19,2010-03-16,,,,
5185,922,29,2010-03-16,,,,
5185,1644,73,2010-03-16,,,,
5186,686,26,2010-03-16,,,,
5186,922,41,2010-03-16,,,,
5187,686,39,2010-03-16,,,,
5188,686,65,2010-03-16,,,,
5189,686,46,2010-03-16,,,,
5189,922,55,2010-03-16,,,,
5204,683,41,2001-06-12,,,,
5205,683,77,2001-06-28,,,,
5207,683,44,2001-06-28,,,,
5209,686,335,2001-06-20,,,,
5211,683,58,2001-06-28,,,,
5216,683,38,2001-06-28,,,,
5222,683,35,2001-06-28,,,,
5231,1582,35,2007-09-28,,,,
5335,686,313,2004-05-12,,,,
5339,985,132,2014-12-02,,,,
5347,921,19,2011-05-05,,,,
5347,985,39,2014-06-02,,,,
5348,985,1,2015-03-20,,,,
5350,985,1,2015-03-19,,,,
5384,683,69,2014-07-22,,,,
5567,1642,63,2006-11-01,,,,
5568,1642,56,2006-11-01,,,,
5570,1642,42,2006-11-01,,,,
5714,985,3,2004-08-12,,,,
5715,682,75,2006-04-13,,,,
5716,681,75,2006-04-13,,,,
5717,682,78,2006-04-13,,,,
5717,683,1,2004-06-09,,,,
5718,682,78,2006-04-13,,,,
5718,683,1,2004-06-09,,,,
5719,682,78,2006-04-13,,,,
5720,682,78,2006-04-13,,,,
5720,683,1,2004-06-09,,,,
5721,682,78,2006-04-13,,,,
5724,683,71,2006-04-13,,,,
5725,683,77,2006-04-13,,,,
5726,683,76,2006-04-13,,,,
5727,683,74,2006-04-13,,,,
5732,683,74,2006-04-13,,,,
5733,683,76,2006-04-13,,,,
5855,921,19,2011-05-05,,,,
5855,985,39,2011-05-05,,,,
5856,921,19,2011-05-05,,,,
5856,985,39,2011-05-05,,,,
5948,682,56,2006-06-22,,,,
5949,682,56,2006-06-22,,,,
5955,681,62,2006-06-22,,,,
5982,682,55,2006-06-22,,,,
5983,682,55,2006-06-22,,,,
5984,681,55,2006-06-22,,,,
5989,682,56,2006-06-22,,,,
5990,682,56,2006-06-22,,,,
5994,682,65,2006-06-22,,,,
5996,682,65,2006-06-22,,,,
6000,682,57,2006-06-22,,,,
6002,682,57,2006-06-22,,,,
6023,682,60,2006-06-22,,,,
6025,682,60,2006-06-22,,,,
6029,682,68,2006-06-22,,,,
6031,682,68,2006-06-22,,,,
6035,682,55,2006-06-22,,,,
6036,682,55,2006-06-22,,,,
6037,682,55,2006-06-22,,,,
6042,682,67,2006-06-22,,,,
6043,682,67,2006-06-22,,,,
6044,682,67,2006-06-22,,,,
6048,682,56,2006-06-22,,,,
6049,682,65,2006-06-22,,,,
6050,682,56,2006-06-22,,,,
6064,682,69,2006-06-22,,,,
6065,682,69,2006-06-22,,,,
6069,682,71,2006-06-22,,,,
6071,682,71,2006-06-22,,,,
6081,681,70,2006-06-22,,,,
6082,681,70,2006-06-22,,,,
6092,682,64,2006-06-22,,,,
6093,682,64,2006-06-22,,,,
6094,682,64,2006-06-22,,,,
6098,682,53,2006-06-22,,,,
6105,682,68,2006-06-22,,,,
6110,682,69,2006-06-22,,,,
6111,682,69,2006-06-22,,,,
6112,682,69,2006-06-22,,,,
6117,682,71,2006-06-22,,,,
6118,682,71,2006-06-22,,,,
6120,683,72,2006-06-21,,,,
6122,683,70,2006-06-21,,,,
6126,682,68,2006-06-23,,,,
6128,682,68,2006-06-23,,,,
6132,682,64,2006-06-23,,,,
6134,682,64,2006-06-23,,,,
6140,682,74,2006-06-23,,,,
6144,682,72,2006-06-23,,,,
6145,682,72,2006-06-23,,,,
6146,682,72,2006-06-23,,,,
6150,682,69,2006-06-23,,,,
6152,682,69,2006-06-23,,,,
6156,682,62,2006-06-23,,,,
6160,683,82,2006-07-12,,,,
6162,683,71,2006-07-12,,,,
6276,1582,30,2007-09-28,,,,
501585,921,32,2009-03-26,,,,
501585,1582,40,2009-03-26,,,,
501624,458,1,2009-03-27,,,,
501625,458,1,2009-03-27,,,,
501654,921,37,2009-03-30,,,,
501654,985,74,2009-03-30,,,,
501658,1044,196,2009-04-08,,,,
501914,1582,29,2009-05-22,,,,
501916,1591,31,2009-05-22,,,,
501918,1582,38,2009-05-22,,,,
501923,1582,38,2009-05-22,,,,
502025,681,100,2010-09-30,,,,
502069,686,109,2010-03-05,,,,
502069,1643,70,2010-03-05,,,,
502069,502455,50,2010-03-05,,,,
502070,686,26,2010-03-22,,,,
502070,1643,71,2010-03-22,,,,
502070,502455,39,2010-03-22,,,,
502071,686,41,2010-03-22,,,,
502071,1643,71,2010-03-22,,,,
502071,502455,46,2010-03-22,,,,
502072,686,67,2010-03-22,,,,
502072,1643,71,2010-03-22,,,,
502072,502455,43,2010-03-22,,,,
502073,686,19,2010-03-22,,,,
502073,1643,69,2010-03-22,,,,
502073,502455,30,2010-03-22,,,,
502074,686,156,2010-03-04,,,,
502075,686,37,2010-03-04,,,,
502076,686,58,2010-03-04,,,,
502077,686,95,2010-03-04,,,,
502078,686,27,2010-03-04,,,,
502079,686,42,2010-03-22,,,,
502080,686,65,2010-03-22,,,,
502081,686,147,2010-03-22,,,,
502082,686,96,2010-03-22,,,,
502083,686,38,2010-03-22,,,,
502084,686,58,2010-03-22,,,,
502085,686,27,2010-03-23,,,,
502085,502455,41,2010-03-23,,,,
502086,686,46,2010-03-24,,,,
502086,502455,53,2010-03-24,,,,
502087,686,110,2010-03-24,,,,
502087,1644,74,2010-03-24,,,,
502087,502455,51,2010-03-24,,,,
502088,686,67,2010-03-24,,,,
502088,1644,69,2010-03-24,,,,
502088,502455,43,2010-03-24,,,,
502089,686,25,2010-03-24,,,,
502089,1644,65,2010-03-24,,,,
502089,502455,36,2010-03-24,,,,
502090,686,42,2010-03-24,,,,
502090,1644,1,2010-03-24,,,,
502090,502455,47,2010-03-24,,,,
502091,686,27,2010-03-22,,,,
502092,686,19,2010-03-24,,,,
502092,1644,71,2010-03-24,,,,
502092,502455,29,2010-03-24,,,,
502093,686,28,2010-03-17,,,,
502093,502455,44,2010-03-19,,,,
502094,686,45,2010-03-19,,,,
502094,502455,54,2010-03-19,,,,
502098,686,41,2010-03-05,,,,
502099,686,67,2010-03-05,,,,
502100,686,47,2010-03-05,,,,
502101,686,28,2010-03-16,,,,
502101,502455,38,2010-03-16,,,,
502102,686,43,2010-03-05,,,,
502103,686,25,2010-03-16,,,,
502103,1644,34,2010-03-16,,,,
502103,502455,34,2010-03-16,,,,
502104,686,64,2010-03-05,,,,
502105,686,46,2010-03-16,,,,
502105,502455,53,2010-03-16,,,,
502106,686,58,2010-03-05,,,,
502107,686,42,2010-03-16,,,,
502107,1644,73,2010-03-16,,,,
502107,502455,48,2010-03-16,,,,
502108,686,13,2010-03-24,,,,
502108,1644,85,2010-03-24,,,,
502108,502455,21,2010-03-24,,,,
502109,686,15,2010-03-22,,,,
502546,683,92,2014-07-22,,,,
502547,683,85,2014-07-22,,,,
502552,683,87,2014-11-03,,,,
502554,681,1,2014-07-02,,,,
502559,683,1,2014-11-03,,,,
502565,681,1,2014-11-03,,,,
502567,683,81,2014-07-25,,,,
502569,681,1,2014-11-03,,,,
502571,683,90,2014-11-03,,,,
502572,683,1,2014-11-03,,,,
502574,683,88,2014-11-03,,,,
502575,683,1,2014-11-03,,,,
502582,683,1,2014-11-03,,,,
502584,683,1,2014-11-03,,,,
502587,681,1,2014-11-03,,,,
502589,683,94,2014-11-03,,,,
502593,683,1,2014-11-03,,,,
502596,683,64,2014-11-03,,,,
502652,985,135,2015-03-20,,,,
502659,985,131,2015-03-20,,,,
502662,985,132,2015-03-20,,,,
502665,985,1,2014-12-01,,,,
502667,985,1,2014-12-01,,,,
502673,985,132,2014-12-02,,,,
502693,1582,27,2014-09-12,,,,
502700,985,75,2014-10-20,,,,
502724,985,132,2015-03-17,,,,
502742,985,15,2015-01-29,,,,
